id,ts,co2,temp,hum,clear,nir,soil_moisture,soil_temp,soil_ec,soil_ph,soil_n,soil_p,soil_k,rssi,snr,solar_v,solar_i,solar_p,load_v,load_i,load_p,charging
1,2026-07-08T12:24:08.895538+00:00,1797,30.2,47.6,13,10,,,,,,,,-41,12.25,0.816,-0.3,0,,,,0
2,2026-07-08T12:24:23.023492+00:00,1846,30.2,50.2,16,13,,,,,,,,-38,13,0.82,-0.4,0,,,,0
3,2026-07-08T12:24:43.237899+00:00,0,30.2,50.6,13,9,,,,,,,,-44,12.5,2.788,408.7,1140,,,,1
4,2026-07-08T12:24:57.365121+00:00,1022,30.2,50.4,13,9,,,,,,,,-44,12.5,2.784,398.2,1110,,,,1
5,2026-07-08T12:25:11.504235+00:00,1723,30.2,49.6,15,11,,,,,,,,-41,12.5,2.808,241.5,678,,,,1
6,2026-07-08T12:25:25.634843+00:00,1864,30.2,47.9,16,10,,,,,,,,-45,12.75,2.808,240.6,676,,,,1
7,2026-07-08T12:25:39.768110+00:00,1646,30.2,47.3,16,10,,,,,,,,-44,12.5,2.804,239.5,672,,,,1
8,2026-07-08T12:25:53.906533+00:00,1385,30.2,46.8,12,9,,,,,,,,-52,12,2.796,240.9,676,,,,1
9,2026-07-08T12:26:08.029247+00:00,1184,30.2,47.4,17,11,,,,,,,,-48,12.5,2.792,238.9,668,,,,1
10,2026-07-08T12:26:22.168251+00:00,1042,30.2,46,18,11,,,,,,,,-49,12.5,2.784,239.7,684,,,,1
11,2026-07-08T12:26:36.297481+00:00,924,30.2,46.6,18,11,,,,,,,,-49,12,2.78,243,668,,,,1
12,2026-07-08T12:26:50.423447+00:00,836,30.2,46.1,18,11,,,,,,,,-49,12,2.772,247.2,684,,,,1
13,2026-07-08T12:27:04.540934+00:00,769,30.2,46,17,11,,,,,,,,-49,12,2.768,244.8,676,,,,1
14,2026-07-08T12:27:18.662170+00:00,718,30.2,45.9,17,11,,,,,,,,-49,11.75,2.76,245.7,678,,,,1
15,2026-07-08T12:27:32.783210+00:00,681,30.2,45.4,17,11,,,,,,,,-49,12,2.752,244.3,682,,,,1
16,2026-07-08T12:27:46.906978+00:00,640,30.2,46,17,11,,,,,,,,-49,11.5,2.748,248.2,682,,,,1
17,2026-07-08T12:28:01.021323+00:00,626,30.2,46,15,12,,,,,,,,-46,12,2.74,245.9,672,,,,1
18,2026-07-08T12:28:15.152162+00:00,612,30.3,46.7,14,10,,,,,,,,-41,12,2.728,246.7,672,,,,1
19,2026-07-08T12:28:29.289406+00:00,671,30.3,46.5,12,8,,,,,,,,-41,12,2.672,473.8,1264,,,,1
20,2026-07-08T12:28:43.409937+00:00,765,30.4,46.4,12,8,,,,,,,,-37,12.25,2.676,426.9,1140,,,,1
21,2026-07-08T12:28:57.542614+00:00,966,30.4,48.2,16,11,,,,,,,,-41,12.5,2.668,413.4,1114,,,,1
22,2026-07-08T12:29:11.674593+00:00,1299,30.4,46.2,16,12,,,,,,,,-42,13.5,2.692,248.1,678,,,,1
23,2026-07-08T12:29:25.817270+00:00,1271,30.4,45.1,15,12,,,,,,,,-40,12.75,2.688,253.1,678,,,,1
24,2026-07-08T12:29:39.948209+00:00,1103,30.4,45.8,16,11,,,,,,,,-46,12.75,2.676,255.7,682,,,,1
25,2026-07-08T12:29:54.065722+00:00,986,30.4,46.1,16,13,,,,,,,,-44,12,2.668,254.9,682,,,,1
26,2026-07-08T12:30:08.184411+00:00,905,30.5,46.6,14,9,,,,,,,,-40,13,2.66,255.2,678,,,,1
27,2026-07-08T12:30:22.311721+00:00,840,30.5,46.6,13,9,,,,,,,,-51,13.5,2.648,259.2,684,,,,1
28,2026-07-08T12:30:36.433205+00:00,792,30.5,46.3,15,12,,,,,,,,-49,11.75,2.632,255.2,682,,,,1
29,2026-07-08T12:30:50.573315+00:00,784,30.6,45.6,14,10,,,,,,,,-38,12,2.628,261,684,,,,1
30,2026-07-08T12:31:04.701075+00:00,780,30.6,46,9,5,,,,,,,,-47,12.25,2.612,260.5,688,,,,1
31,2026-07-08T12:31:18.829185+00:00,755,30.6,46,9,5,,,,,,,,-45,12,2.6,260.8,678,,,,1
32,2026-07-08T12:31:32.947774+00:00,140,30.6,51.8,9,6,,,,,,,,-39,12.5,2.588,265.7,688,,,,1
33,2026-07-08T12:31:47.080132+00:00,1282,30.6,47.7,134,40,,,,,,,,-42,12.5,2.576,266.8,684,,,,1
34,2026-07-08T12:32:01.215914+00:00,1031,30.7,46.8,135,40,,,,,,,,-48,12,2.564,263.4,688,,,,1
35,2026-07-08T12:32:15.356386+00:00,934,30.7,46.5,138,44,,,,,,,,-39,13.25,2.548,265.2,688,,,,1
36,2026-07-08T12:32:29.485004+00:00,898,30.6,47,137,42,,,,,,,,-42,12.75,2.468,564.6,1390,,,,1
37,2026-07-08T12:32:43.618092+00:00,969,30.6,46.1,137,41,,,,,,,,-50,12,2.472,470.3,1166,,,,1
38,2026-07-08T12:32:57.755200+00:00,911,30.5,45.5,138,41,,,,,,,,-45,12.75,2.456,460.6,1130,,,,1
39,2026-07-08T12:33:11.904033+00:00,840,30.5,45.7,137,41,,,,,,,,-39,12.25,2.48,279.8,692,,,,1
40,2026-07-08T12:33:26.038854+00:00,775,30.4,46.4,197,67,,,,,,,,-34,13.5,2.464,280.8,692,,,,1
41,2026-07-08T12:33:40.174595+00:00,768,30.4,46.7,198,67,,,,,,,,-34,13,2.448,280,684,,,,1
42,2026-07-08T12:33:54.301050+00:00,787,30.4,47.1,173,68,,,,,,,,-68,-9.5,2.168,312.9,,,,,1
43,2026-07-08T12:45:59.764578+00:00,0,30.1,47.5,10,5,,,,,,,,-33,12,2.432,14.5,14,,,,1
44,2026-07-08T12:46:13.889496+00:00,321,30.1,48.9,9,5,,,,,,,,-35,12,2.304,0.8,42,,,,0
45,2026-07-08T12:46:28.021865+00:00,941,30.1,49.9,9,5,,,,,,,,-34,13,2.304,0.4,38,,,,0
46,2026-07-08T12:46:42.144015+00:00,1523,30.1,50,9,5,,,,,,,,-34,13.25,2.384,3.6,42,,,,0
47,2026-07-08T13:34:39.619897+00:00,597,31.3,43.4,10,6,,,,,,,,-75,12.75,3.912,0,0,,,,0
48,2026-07-08T13:35:03.640349+00:00,0,31.2,43.5,1000,659,,,,,,,,-89,11.5,3.916,0.1,662,,,,0
49,2026-07-08T13:35:27.672684+00:00,374,32.8,40,1000,1000,,,,,,,,-85,12.5,3.92,0.2,672,,,,0
50,2026-07-08T13:35:51.750459+00:00,466,35.6,36.5,1000,1000,,,,,,,,-83,12,3.916,26.5,678,,,,1
51,2026-07-08T13:36:15.819660+00:00,470,38.5,30.7,1000,1000,,,,,,,,-83,12.25,3.916,29.6,768,,,,1
52,2026-07-08T13:36:39.902933+00:00,473,41.4,28.4,1000,1000,,,,,,,,-82,12.75,3.92,27,658,,,,1
53,2026-07-08T13:37:03.982804+00:00,468,43.5,25.8,1000,1000,,,,,,,,-82,12.5,3.92,19.2,768,,,,1
54,2026-07-08T13:37:28.049173+00:00,482,59.9,14.2,1000,1000,,,,,,,,-80,12.25,3.912,14.4,780,,,,1
55,2026-07-08T13:37:52.112934+00:00,385,46.5,20.4,1000,1000,,,,,,,,-84,12.5,3.928,197.5,776,,,,1
56,2026-07-08T13:38:16.125062+00:00,419,45.9,21.5,1000,1000,,,,,,,,-84,12,3.92,15.3,784,,,,1
57,2026-07-08T13:38:40.168174+00:00,347,46.1,22,1000,1000,,,,,,,,-81,12.75,3.92,15.3,776,,,,1
58,2026-07-08T13:39:04.238618+00:00,406,46.6,20.4,1000,1000,,,,,,,,-80,12.25,3.92,19.2,784,,,,1
59,2026-07-08T13:39:28.286236+00:00,345,46.8,20,1000,1000,,,,,,,,-80,12.25,3.924,20,784,,,,1
60,2026-07-08T13:39:52.335147+00:00,407,47.2,20.3,1000,1000,,,,,,,,-82,12.75,3.92,14.1,784,,,,1
61,2026-07-08T13:40:26.284355+00:00,400,47.4,19.5,1000,1000,,,,,,,,-79,11.5,3.92,15.3,788,,,,1
62,2026-07-08T13:41:00.254851+00:00,330,47,20.1,1000,1000,,,,,,,,-84,11.5,3.936,16.1,784,,,,1
63,2026-07-08T13:41:34.203100+00:00,417,47,20.1,1000,1000,,,,,,,,-80,11.75,3.924,13.9,784,,,,1
64,2026-07-08T13:42:08.143261+00:00,376,47.3,20.1,1000,1000,,,,,,,,-81,12.25,3.92,15.4,786,,,,1
65,2026-07-08T13:42:42.107093+00:00,384,47.7,20.4,1000,1000,,,,,,,,-81,12.25,3.924,14.4,774,,,,1
66,2026-07-08T13:43:16.057210+00:00,375,48,19.1,1000,1000,,,,,,,,-87,11.5,3.92,12.8,768,,,,1
67,2026-07-08T13:43:50.026682+00:00,427,48.4,19.5,1000,1000,,,,,,,,-78,12.25,3.936,15.7,776,,,,1
68,2026-07-08T13:44:23.979852+00:00,420,49.3,17.8,1000,1000,,,,,,,,-80,12.25,3.912,205.6,64,,,,1
69,2026-07-08T13:44:57.908290+00:00,455,49.3,18.4,1000,1000,,,,,,,,-85,12.25,3.912,204.8,64,,,,1
70,2026-07-08T13:45:31.840475+00:00,357,49.3,18.8,1000,1000,,,,,,,,-81,12.5,3.904,204.9,266,,,,1
71,2026-07-08T13:46:05.774310+00:00,449,49.7,18.6,1000,1000,,,,,,,,-80,11.75,3.936,13.3,792,,,,1
72,2026-07-08T13:46:39.710406+00:00,359,49.7,17.6,1000,1000,,,,,,,,-80,12.5,3.936,13.3,796,,,,1
73,2026-07-08T13:47:13.631418+00:00,412,48,19.1,1000,1000,,,,,,,,-81,12,3.936,6.6,796,,,,1
74,2026-07-08T13:47:47.559873+00:00,381,46.7,19.5,1000,1000,,,,,,,,-82,12.75,3.924,12.9,790,,,,1
75,2026-07-08T13:48:21.511496+00:00,385,46.3,21.9,1000,1000,,,,,,,,-80,12,3.936,8,784,,,,1
76,2026-07-08T13:48:55.458204+00:00,375,47.3,20,1000,1000,,,,,,,,-81,12.5,3.936,6.6,792,,,,1
77,2026-07-08T13:49:29.399493+00:00,407,48.4,20.3,1000,1000,,,,,,,,-81,12,3.924,11.2,768,,,,1
78,2026-07-08T13:50:03.346565+00:00,426,49.5,18.9,1000,1000,,,,,,,,-79,12,3.936,8,786,,,,1
79,2026-07-08T13:50:37.265974+00:00,409,49.8,18.8,1000,1000,,,,,,,,-82,12.5,3.936,8.2,784,,,,1
80,2026-07-08T13:51:11.194190+00:00,351,49.5,17.7,1000,1000,,,,,,,,-80,12.25,3.94,9.7,792,,,,1
81,2026-07-08T13:51:45.108203+00:00,364,48.5,18.3,1000,1000,,,,,,,,-81,12.25,3.916,209.7,64,,,,1
82,2026-07-08T13:52:19.019144+00:00,398,47.1,19.8,1000,1000,,,,,,,,-82,12.75,3.912,213.2,90,,,,1
83,2026-07-08T13:52:52.961643+00:00,407,47.3,19.2,1000,1000,,,,,,,,-80,11.75,3.904,204.8,272,,,,1
84,2026-07-08T13:53:56.496049+00:00,384,47.8,19.7,1000,1000,,,,,,,,-77,13,3.936,12.8,768,,,,1
85,2026-07-08T13:55:00.148337+00:00,363,48.9,18.7,1000,1000,,,,,,,,-82,12,3.936,6.2,790,,,,1
86,2026-07-08T13:56:03.696170+00:00,386,50,19.3,1000,1000,,,,,,,,-80,12.5,3.916,204.8,64,,,,1
87,2026-07-08T13:57:07.361153+00:00,331,61.4,10.6,1000,1000,,,,,,,,-82,12.5,3.936,9.6,792,,,,1
88,2026-07-08T13:58:10.999030+00:00,436,49.2,18.9,1000,1000,,,,,,,,-81,11.75,3.936,6.8,784,,,,1
89,2026-07-08T13:59:14.615803+00:00,323,49.7,18.3,1000,1000,,,,,,,,-83,11.75,3.936,8,792,,,,1
90,2026-07-08T14:00:18.198031+00:00,389,50,18.1,1000,1000,,,,,,,,-82,12.75,3.904,211.9,256,,,,1
91,2026-07-08T14:00:52.146890+00:00,364,50.7,18.1,1000,1000,,,,,,,,-81,12,3.94,6.4,784,,,,1
92,2026-07-08T14:01:40.952512+00:00,393,50.3,18.8,1000,1000,,,,,,,,-81,12.5,3.944,8.8,784,,,,1
93,2026-07-08T14:02:29.781860+00:00,366,50.7,17.2,1000,1000,,,,,,,,-81,12,3.944,9.6,784,,,,1
94,2026-07-08T14:03:18.541730+00:00,379,-17.9,11.3,1000,1000,,,,,,,,-82,12.25,3.944,3.4,788,,,,0
95,2026-07-08T14:04:07.257805+00:00,362,-18.4,11,1000,1000,,,,,,,,-83,12.75,3.944,6.4,784,,,,1
96,2026-07-08T14:04:56.022239+00:00,373,62.7,10.6,1000,1000,,,,,,,,-82,12.5,3.944,6.4,792,,,,1
97,2026-07-08T14:05:44.803916+00:00,379,63.1,10.9,1000,1000,,,,,,,,-83,12,3.944,6.6,788,,,,1
98,2026-07-08T14:06:33.630854+00:00,401,12.4,11,1000,1000,,,,,,,,-83,12.5,3.944,3.2,784,,,,0
99,2026-07-08T14:07:22.393488+00:00,305,60.4,11.3,1000,1000,,,,,,,,-86,11.75,3.944,8,784,,,,1
100,2026-07-08T14:08:11.208040+00:00,327,60.2,11.5,1000,1000,,,,,,,,-80,12,3.944,8.8,780,,,,1
101,2026-07-08T14:09:44.521754+00:00,394,62.5,11.5,1000,1000,,,,,,,,-81,12,3.944,7.3,770,,,,1
102,2026-07-08T14:11:17.875712+00:00,304,61.6,11.8,1000,1000,,,,,,,,-80,12.5,3.908,205.3,516,,,,1
103,2026-07-08T14:12:51.197483+00:00,293,62,12.2,1000,1000,,,,,,,,-80,12,3.948,0,792,,,,0
104,2026-07-08T14:14:24.502749+00:00,322,61.3,12.2,1000,1000,,,,,,,,-78,12.25,3.924,209.9,40,,,,1
105,2026-07-08T14:15:57.884186+00:00,360,61.1,12.4,1000,1000,,,,,,,,-80,12.25,3.84,0,784,,,,0
106,2026-07-08T14:17:31.140722+00:00,380,59.8,12.9,1000,1000,,,,,,,,-78,11.75,3.928,208.4,808,,,,1
107,2026-07-08T14:19:04.386160+00:00,372,59.2,13.3,1000,1000,,,,,,,,-79,11.75,3.84,3.5,776,,,,0
108,2026-07-08T14:20:37.793764+00:00,331,59.9,12.8,1000,1000,,,,,,,,-83,12,3.84,2.4,772,,,,0
109,2026-07-08T14:22:11.048048+00:00,339,60.6,13.3,1000,1000,,,,,,,,-85,12.25,3.84,0.8,786,,,,0
110,2026-07-08T14:23:44.526199+00:00,324,61.8,11.7,1000,1000,,,,,,,,-81,11.75,3.844,0.4,784,,,,0
111,2026-07-08T14:25:18.054473+00:00,370,61.6,12.6,1000,1000,,,,,,,,-75,12.5,3.932,105.6,2,,,,1
112,2026-07-08T14:26:51.433752+00:00,345,62.2,12.3,1000,1000,,,,,,,,-80,12.25,3.84,199.2,770,,,,1
113,2026-07-08T14:28:24.695555+00:00,369,62.4,11.3,1000,1000,,,,,,,,-78,12.5,3.84,201.9,772,,,,1
114,2026-07-08T14:29:57.895022+00:00,372,61.3,12.6,1000,1000,,,,,,,,-79,12.25,3.84,200.5,776,,,,1
115,2026-07-08T14:31:31.133949+00:00,376,60.6,12.3,1000,1000,,,,,,,,-75,12,3.932,99.3,34,,,,1
116,2026-07-08T14:33:04.367163+00:00,385,59.5,12.8,1000,1000,,,,,,,,-75,12.25,3.84,198.4,768,,,,1
117,2026-07-08T14:34:37.733884+00:00,321,60.4,12.8,1000,1000,,,,,,,,-79,12.5,3.84,192.3,788,,,,1
118,2026-07-08T14:36:11.025194+00:00,378,60.8,12.8,1000,1000,,,,,,,,-78,12.5,3.84,198.4,788,,,,1
119,2026-07-08T14:37:44.467223+00:00,358,61.4,12.3,1000,1000,,,,,,,,-79,11.75,3.84,198.8,786,,,,1
120,2026-07-08T14:39:17.738237+00:00,378,59.5,12.8,1000,1000,,,,,,,,-78,12.25,3.848,192,784,,,,1
121,2026-07-08T14:40:51.105892+00:00,344,59.7,13.2,1000,1000,,,,,,,,-77,11.75,3.848,198.4,786,,,,1
122,2026-07-08T14:42:24.356689+00:00,364,60.4,12.7,1000,1000,,,,,,,,-77,13,3.84,116.8,256,,,,1
123,2026-07-08T14:43:57.602565+00:00,322,61.3,12.3,1000,1000,,,,,,,,-77,12.75,3.84,0.6,780,,,,0
124,2026-07-08T14:45:30.928628+00:00,375,125,100,1000,1000,,,,,,,,-77,12.5,3.84,105.6,4,,,,1
125,2026-07-08T14:47:04.241173+00:00,330,125,100,1000,1000,,,,,,,,-75,12.5,3.844,195.6,776,,,,1
126,2026-07-08T14:48:37.675123+00:00,417,125,100,1000,1000,,,,,,,,-77,13,3.848,0.4,768,,,,0
127,2026-07-08T14:50:10.992751+00:00,371,125,100,1000,1000,,,,,,,,-76,12.5,3.848,191.3,552,,,,1
128,2026-07-08T14:51:44.317247+00:00,414,125,100,1000,1000,,,,,,,,-74,12.75,3.848,190.5,552,,,,1
129,2026-07-08T14:53:17.647483+00:00,390,125,100,1000,1000,,,,,,,,-77,12.75,3.848,190.4,548,,,,1
130,2026-07-08T14:54:50.945216+00:00,366,125,100,1000,1000,,,,,,,,-76,12.5,3.856,0.2,560,,,,0
131,2026-07-08T14:56:24.305043+00:00,376,125,100,1000,1000,,,,,,,,-75,12,3.856,187.2,548,,,,1
132,2026-07-08T14:57:57.551061+00:00,379,125,100,1000,1000,,,,,,,,-76,12.25,3.856,187.3,552,,,,1
133,2026-07-08T14:59:30.767025+00:00,369,125,100,1000,1000,,,,,,,,-78,12.25,3.856,186.3,520,,,,1
134,2026-07-08T15:01:03.992822+00:00,341,125,100,1000,1000,,,,,,,,-77,12,3.856,185.8,520,,,,1
135,2026-07-08T15:02:37.459205+00:00,359,125,100,1000,1000,,,,,,,,-76,12.75,3.844,128.8,32,,,,1
136,2026-07-08T15:04:10.759735+00:00,369,125,100,1000,1000,,,,,,,,-77,12.75,3.968,185.6,544,,,,1
137,2026-07-08T15:05:44.059570+00:00,366,125,100,1000,1000,,,,,,,,-76,12.25,3.848,105.6,202,,,,1
138,2026-07-08T15:07:17.391255+00:00,380,125,0,1000,1000,,,,,,,,-78,12.5,3.968,179.2,512,,,,1
139,2026-07-08T15:08:50.715351+00:00,359,125,100,1000,1000,,,,,,,,-79,12.25,3.968,182.6,528,,,,1
140,2026-07-08T15:10:23.793098+00:00,376,125,100,1000,1000,,,,,,,,-77,13.5,3.968,180.9,520,,,,1
141,2026-07-08T15:11:57.107618+00:00,348,125,100,1000,1000,,,,,,,,-76,12.75,3.968,186.6,516,,,,1
142,2026-07-08T15:13:30.412397+00:00,376,45.6,21,1000,1000,,,,,,,,-76,12.75,3.968,185.6,520,,,,1
143,2026-07-08T15:15:03.764947+00:00,375,46.1,21.4,1000,1000,,,,,,,,-73,12.5,3.968,185.6,512,,,,1
144,2026-07-08T15:16:37.064428+00:00,329,46.9,20.1,1000,1000,,,,,,,,-75,12.25,3.972,180.1,540,,,,1
145,2026-07-08T15:18:10.186200+00:00,389,46.3,20.5,1000,1000,,,,,,,,-77,12.75,3.972,179.3,530,,,,1
146,2026-07-08T15:19:43.665079+00:00,358,46.8,20.2,1000,1000,,,,,,,,-77,12.5,3.968,181.6,536,,,,1
147,2026-07-08T15:21:17.027491+00:00,325,45.9,20.9,1000,1000,,,,,,,,-80,12.5,3.968,179.2,528,,,,1
148,2026-07-08T15:22:50.407130+00:00,330,45.3,21.7,1000,1000,,,,,,,,-77,12.5,3.84,126.3,10,,,,1
149,2026-07-08T15:24:23.611800+00:00,352,125,13.2,1000,1000,,,,,,,,-80,13.25,3.968,173.2,520,,,,1
150,2026-07-08T15:25:56.921464+00:00,370,45.1,21.5,1000,1000,,,,,,,,-75,12.5,3.84,109.7,192,,,,1
151,2026-07-08T15:27:30.199237+00:00,384,44.5,21.8,1000,1000,,,,,,,,-77,13,3.968,172.9,512,,,,1
152,2026-07-08T15:29:03.485279+00:00,362,44.3,22.2,1000,1000,,,,,,,,-80,12,3.84,102.4,128,,,,1
153,2026-07-08T15:30:36.811837+00:00,323,44.6,21.6,1000,1000,,,,,,,,-78,12.5,3.972,173,528,,,,1
154,2026-07-08T15:32:10.158906+00:00,269,44.7,21.8,1000,1000,,,,,,,,-76,13,3.976,167.3,528,,,,1
155,2026-07-08T15:33:43.507637+00:00,320,44.6,22,1000,1000,,,,,,,,-77,13,3.976,167.4,544,,,,1
156,2026-07-08T15:35:16.877514+00:00,356,125,13.5,1000,1000,,,,,,,,-76,12.75,3.976,170.4,514,,,,1
157,2026-07-08T15:36:50.177883+00:00,323,43.3,23.8,1000,1000,,,,,,,,-77,12.25,3.98,166.4,514,,,,1
158,2026-07-08T15:38:23.404230+00:00,363,42.7,22.9,1000,1000,,,,,,,,-77,12.5,3.98,169.7,512,,,,1
159,2026-07-08T15:39:56.696270+00:00,378,42.4,23.4,1000,1000,,,,,,,,-79,12.25,3.844,153.8,532,,,,1
160,2026-07-08T15:41:29.904601+00:00,357,41.1,24.7,1000,1000,,,,,,,,-77,13,3.98,167.6,532,,,,1
161,2026-07-08T15:43:03.353883+00:00,344,42.2,26.1,1000,1000,,,,,,,,-77,12.5,3.86,102.5,128,,,,1
162,2026-07-08T15:44:36.672400+00:00,348,42.7,23.9,1000,1000,,,,,,,,-79,13,3.968,161.7,512,,,,1
163,2026-07-08T15:46:10.001509+00:00,348,42.9,23,1000,1000,,,,,,,,-77,12.5,3.968,160.5,512,,,,1
164,2026-07-08T15:47:43.137354+00:00,353,42.5,24.1,1000,1000,,,,,,,,-76,12.25,3.968,153.6,512,,,,1
165,2026-07-08T15:49:16.720504+00:00,352,43.5,23.8,1000,1000,,,,,,,,-78,12.5,3.968,159.1,530,,,,1
166,2026-07-08T15:50:49.919655+00:00,338,43.4,23.1,1000,1000,,,,,,,,-78,12.5,3.968,158.4,528,,,,1
167,2026-07-08T15:52:23.150813+00:00,364,43.3,22.2,1000,1000,,,,,,,,-75,12.75,3.968,153.8,528,,,,1
168,2026-07-08T15:53:47.005681+00:00,360,40.2,31.2,89,51,,,,,,,,-64,12.75,3.852,201.8,777.3,,,,1
169,2026-07-08T15:55:20.857190+00:00,478,39.1,29.6,1000,1000,,,,,,,,-78,12.25,3.856,108.8,419.5,,,,1
170,2026-07-08T15:56:54.334499+00:00,350,41.1,25.3,1000,1000,,,,,,,,-79,13,3.972,2.2,8.7,,,,0
171,2026-07-08T15:58:27.584911+00:00,378,42.4,23.8,1000,1000,,,,,,,,-78,12.25,3.86,105.6,407.6,,,,1
172,2026-07-08T16:00:00.888278+00:00,368,43.6,23.3,1000,1000,,,,,,,,-83,12,3.968,0,0,,,,0
173,2026-07-08T16:01:34.110196+00:00,351,43.5,22.1,1000,1000,,,,,,,,-81,12,3.864,102.4,395.7,,,,1
174,2026-07-08T16:03:07.188556+00:00,387,43.8,22,1000,1000,,,,,,,,-79,12,3.968,1.6,6.3,,,,0
175,2026-07-08T16:04:40.410318+00:00,338,44.9,21.1,1000,1000,,,,,,,,-79,12,3.86,131.4,507.2,,,,1
176,2026-07-08T16:06:13.448275+00:00,365,45.3,21,1000,1000,,,,,,,,-82,12.25,3.968,1.6,6.3,,,,0
177,2026-07-08T16:07:46.602819+00:00,371,43.7,22,1000,1000,,,,,,,,-81,12,3.972,2,7.9,,,,0
178,2026-07-08T16:09:19.781347+00:00,343,43.9,22.7,1000,1000,,,,,,,,-78,12,3.968,0.1,0.4,,,,0
179,2026-07-08T16:10:52.863114+00:00,373,44.2,21.4,1000,1000,,,,,,,,-78,12,3.968,4.2,16.7,,,,0
180,2026-07-08T16:12:25.952287+00:00,369,43.7,22.1,1000,1000,,,,,,,,-78,11.5,3.864,103.5,399.9,,,,1
181,2026-07-08T16:13:58.971410+00:00,361,44.7,21.4,1000,1000,,,,,,,,-77,12,3.968,0,0,,,,0
182,2026-07-08T16:15:32.034825+00:00,332,44,21.4,1000,1000,,,,,,,,-78,12,3.968,3.2,12.7,,,,0
183,2026-07-08T16:17:05.149913+00:00,350,43.5,23.2,1000,1000,,,,,,,,-77,12.25,3.972,1.8,7.1,,,,0
184,2026-07-08T16:18:38.314826+00:00,320,125,13.5,1000,1000,,,,,,,,-79,12.25,3.968,0.3,1.2,,,,0
185,2026-07-08T16:20:41.040766+00:00,340,44.2,21.3,1000,1000,,,,,,,,-76,13.25,3.856,134.9,520.2,,,,1
186,2026-07-08T16:22:43.858951+00:00,319,45.3,21.1,1000,1000,,,,,,,,-77,12.75,3.968,3.2,12.7,,,,0
187,2026-07-08T16:24:46.686888+00:00,370,46,19.8,1000,1000,,,,,,,,-78,13,3.968,0.4,1.6,,,,0
188,2026-07-08T16:26:49.425393+00:00,369,43.3,22.2,1000,1000,,,,,,,,-77,11.5,3.968,0,0,,,,0
189,2026-07-08T16:28:52.115328+00:00,353,44.7,21.2,1000,1000,,,,,,,,-77,12.75,3.968,0.4,1.6,,,,0
190,2026-07-08T16:30:54.879808+00:00,369,45.8,20.3,1000,1000,,,,,,,,-79,13.25,3.864,105.7,408.4,,,,1
191,2026-07-08T16:32:57.592285+00:00,375,44.7,21,1000,1000,,,,,,,,-77,12.5,3.972,0.4,1.6,,,,0
192,2026-07-08T16:35:00.503453+00:00,414,44.5,21.2,1000,1000,,,,,,,,-75,12.25,3.968,0,0,,,,0
193,2026-07-08T16:37:03.203830+00:00,373,43.6,21.4,1000,1000,,,,,,,,-75,12.5,3.968,3.2,12.7,,,,0
194,2026-07-08T16:39:05.975045+00:00,319,44.1,21,1000,1000,,,,,,,,-80,11.75,3.968,125.3,497.2,,,,1
195,2026-07-08T16:41:08.759597+00:00,385,43.6,22.1,1000,1000,,,,,,,,-80,13.5,3.968,109.5,434.5,,,,1
196,2026-07-08T16:43:11.579903+00:00,373,43.7,22.7,1000,1000,,,,,,,,-82,13,3.968,1.6,6.3,,,,0
197,2026-07-08T16:45:14.361743+00:00,394,43.7,22.9,1000,1000,,,,,,,,-78,12.5,3.968,1.7,6.7,,,,0
198,2026-07-08T16:47:17.029551+00:00,407,44.4,22.4,1000,1000,,,,,,,,-80,12.25,3.968,1.1,4.4,,,,0
199,2026-07-08T16:49:19.717175+00:00,298,43,23.7,1000,1000,,,,,,,,-80,12.5,3.848,2,7.7,,,,0
200,2026-07-08T16:51:22.401707+00:00,386,40.3,26.3,1000,1000,,,,,,,,-75,12,3.968,1,4,,,,0
201,2026-07-08T16:53:24.938531+00:00,427,54.1,16.4,1000,1000,,,,,,,,-76,12.5,3.972,108.8,432.2,,,,1
202,2026-07-08T16:55:27.638388+00:00,390,38.7,27.2,1000,1000,,,,,,,,-75,12.25,3.968,111.2,441.2,,,,1
203,2026-07-08T16:57:30.427121+00:00,381,38.3,28.9,1000,1000,,,,,,,,-75,12.5,3.968,110,436.5,,,,1
204,2026-07-08T16:59:33.130195+00:00,391,37.6,29.8,1000,1000,,,,,,,,-78,12,3.968,105.6,419,,,,1
205,2026-07-08T17:01:35.841760+00:00,398,37.7,28.8,1000,1000,,,,,,,,-77,12.25,3.968,102.8,407.9,,,,1
206,2026-07-08T17:03:38.453664+00:00,414,36.7,30.1,1000,1000,,,,,,,,-79,13,3.972,104.6,415.5,,,,1
207,2026-07-08T17:05:41.233778+00:00,393,36.6,31.7,1000,1000,,,,,,,,-80,11.75,3.968,84.8,336.5,,,,1
208,2026-07-08T17:07:43.995498+00:00,418,35.7,31.4,1000,1000,,,,,,,,-77,12.5,3.968,22.8,90.5,,,,1
209,2026-07-08T17:09:46.819769+00:00,420,35.7,30.9,1000,1000,,,,,,,,-85,12.75,3.968,6.7,26.6,,,,1
210,2026-07-08T17:11:49.542586+00:00,365,35.8,31.8,1000,918,,,,,,,,-80,11.75,3.968,19.4,77,,,,1
211,2026-07-08T17:13:52.169102+00:00,388,35.8,31.5,1000,807,,,,,,,,-78,12.5,3.856,0.4,1.5,,,,0
212,2026-07-08T17:15:54.922018+00:00,456,35.9,33.3,878,694,,,,,,,,-78,12,3.98,12.8,50.9,,,,1
213,2026-07-08T17:17:57.681210+00:00,465,35.8,33.8,729,591,,,,,,,,-79,12.5,3.976,16.1,64,,,,1
214,2026-07-08T17:20:00.491171+00:00,420,35.4,31.4,627,512,,,,,,,,-81,12.25,3.856,16,61.7,,,,1
215,2026-07-08T17:22:03.223832+00:00,399,34.9,32.6,563,455,,,,,,,,-74,12.75,3.98,13,51.7,,,,1
216,2026-07-08T17:24:05.938653+00:00,455,34.9,35.2,518,414,,,,,,,,-86,12.25,3.976,13.2,52.5,,,,1
217,2026-07-08T17:26:08.761392+00:00,395,34.8,33.2,497,392,,,,,,,,-84,11.75,3.856,0.1,0.4,,,,0
218,2026-07-08T17:28:11.513969+00:00,402,34.5,32.6,483,373,,,,,,,,-83,12.25,3.976,14,55.7,,,,1
219,2026-07-08T17:30:14.210902+00:00,440,34.3,35.5,466,356,,,,,,,,-83,13,3.976,13,51.7,,,,1
220,2026-07-08T17:32:16.998508+00:00,394,34.2,34.4,449,339,,,,,,,,-81,12.25,3.976,13.6,54.1,,,,1
221,2026-07-08T17:34:19.770122+00:00,414,34,36.4,427,321,,,,,,,,-81,12,3.976,12.8,50.9,,,,1
222,2026-07-08T17:36:22.529346+00:00,399,33.6,33.3,413,306,,,,,,,,-80,11.75,3.976,7.3,29,,,,1
223,2026-07-08T17:38:25.301554+00:00,383,33.5,36.3,397,290,,,,,,,,-88,11.75,3.976,6.8,27,,,,1
224,2026-07-08T17:40:28.066815+00:00,375,33.6,36.3,370,268,,,,,,,,-83,11.25,3.968,6.8,27,,,,1
225,2026-07-08T17:42:30.700643+00:00,392,33.7,35.2,364,255,,,,,,,,-81,12.25,3.968,6.6,26.2,,,,1
226,2026-07-08T17:44:33.473382+00:00,402,33.3,36.2,347,240,,,,,,,,-76,11.75,3.972,7,27.8,,,,1
227,2026-07-08T17:46:36.240921+00:00,399,33.2,36.5,328,222,,,,,,,,-105,0.75,3.84,8,30.7,,,,1
228,2026-07-08T17:48:38.992751+00:00,397,33.1,37.7,318,209,,,,,,,,-84,8,3.968,6.4,25.4,,,,1
229,2026-07-08T17:50:41.791578+00:00,390,33,35.4,313,203,,,,,,,,-81,12.25,3.972,6.8,27,,,,1
230,2026-07-08T17:52:44.614996+00:00,375,33,37.2,303,195,,,,,,,,-84,12.25,3.84,8.8,33.8,,,,1
231,2026-07-08T17:54:47.404215+00:00,386,33,35.5,290,185,,,,,,,,-88,12.25,3.968,8.8,34.9,,,,1
232,2026-07-08T17:56:50.175335+00:00,376,32.6,36.2,273,174,,,,,,,,-83,12,3.968,6.9,27.4,,,,1
233,2026-07-08T17:58:52.961724+00:00,378,32.7,36.9,264,166,,,,,,,,-87,12,3.848,0,0,,,,0
234,2026-07-08T18:00:55.763678+00:00,383,32.9,35.6,251,156,,,,,,,,-91,10.75,3.968,6.6,26.2,,,,1
235,2026-07-08T18:02:58.589673+00:00,383,32.8,37.4,243,150,,,,,,,,-77,12,3.968,6.4,25.4,,,,1
236,2026-07-08T18:05:01.293915+00:00,392,32.6,34.7,235,143,,,,,,,,-76,13,3.848,0.2,0.8,,,,0
237,2026-07-08T18:07:03.983824+00:00,417,32.8,38.8,228,137,,,,,,,,-79,12.75,3.968,6.6,26.2,,,,1
238,2026-07-08T18:09:06.686616+00:00,399,32.6,35.9,215,124,,,,,,,,-79,12,3.968,6.8,27,,,,1
239,2026-07-08T18:11:09.485603+00:00,382,32.3,37.4,205,116,,,,,,,,-82,12.75,3.84,6.4,24.6,,,,1
240,2026-07-08T18:13:12.225458+00:00,404,32.4,38,195,109,,,,,,,,-77,12.5,3.968,6.4,25.4,,,,1
241,2026-07-08T18:15:15.076701+00:00,408,32.5,38.9,203,111,,,,,,,,-77,13,3.852,6.5,25,,,,1
242,2026-07-08T18:17:17.825670+00:00,415,32.5,39.8,199,110,,,,,,,,-82,12.5,3.84,5.3,20.4,,,,1
243,2026-07-08T18:19:20.477327+00:00,443,32.4,36.2,190,106,,,,,,,,-84,12.25,3.852,3.7,14.3,,,,0
244,2026-07-08T18:21:23.328933+00:00,397,32.3,39.4,186,102,,,,,,,,-91,11.25,3.852,1,3.9,,,,0
245,2026-07-08T18:23:26.120767+00:00,419,32.1,39,182,99,,,,,,,,-80,13,3.84,0,0,,,,0
246,2026-07-08T18:25:28.944009+00:00,411,32,38.1,176,97,,,,,,,,-83,12,3.852,0.6,2.3,,,,0
247,2026-07-08T18:27:31.746327+00:00,392,31.7,36,178,95,,,,,,,,-90,11.25,3.848,5,19.2,,,,0
248,2026-07-08T18:29:34.491175+00:00,389,32,37.6,167,88,,,,,,,,-77,12.25,3.844,3.2,12.3,,,,0
249,2026-07-08T18:31:37.187180+00:00,404,31.7,39.8,162,86,,,,,,,,-80,12,3.848,0.2,0.8,,,,0
250,2026-07-08T18:33:39.938133+00:00,410,31.8,39.3,158,84,,,,,,,,-82,12.5,3.848,0.2,0.8,,,,0
251,2026-07-08T18:35:42.733257+00:00,414,31.7,40.6,154,81,,,,,,,,-79,12.75,3.94,0,0,,,,0
252,2026-07-08T18:37:45.543822+00:00,393,31.5,39.3,150,78,,,,,,,,-77,12.75,3.848,0.5,1.9,,,,0
253,2026-07-08T18:39:48.138937+00:00,391,31.4,37,147,76,,,,,,,,-79,12.5,3.848,0,0,,,,0
254,2026-07-08T18:41:50.646358+00:00,384,31.4,36.2,144,74,,,,,,,,-81,12,3.84,0,0,,,,0
255,2026-07-08T18:43:53.418656+00:00,406,31.5,40,140,72,,,,,,,,-78,12,3.848,4,15.4,,,,0
256,2026-07-08T18:45:56.216123+00:00,429,31.5,36.1,137,70,,,,,,,,-79,12,3.84,0.9,3.5,,,,0
257,2026-07-08T18:47:58.955111+00:00,368,31.5,36.4,133,67,,,,,,,,-76,12.25,3.84,0.4,1.5,,,,0
258,2026-07-08T18:50:01.573609+00:00,391,31.4,39.9,130,65,,,,,,,,-76,12.5,3.844,0.5,1.9,,,,0
259,2026-07-08T18:52:04.237823+00:00,420,31.5,40.9,126,63,,,,,,,,-76,12,3.844,0,0,,,,0
260,2026-07-08T18:54:06.919452+00:00,439,31.4,39.3,122,61,,,,,,,,-76,12,3.844,0.2,0.8,,,,0
261,2026-07-08T18:56:09.722585+00:00,407,31.1,40.3,120,59,,,,,,,,-75,12,3.928,0.8,3.1,,,,0
262,2026-07-08T18:58:12.446081+00:00,416,31.1,40.4,117,58,,,,,,,,-80,12.25,3.84,2,7.7,,,,0
263,2026-07-08T19:00:15.202142+00:00,446,31.2,41,113,57,,,,,,,,-79,11.75,3.84,0.8,3.1,,,,0
264,2026-07-08T19:02:17.910609+00:00,439,31.2,41.6,111,56,,,,,,,,-77,12.25,3.928,2.7,10.6,,,,0
265,2026-07-08T19:04:20.706743+00:00,436,31.1,41.4,108,54,,,,,,,,-77,12.5,3.84,1.8,6.9,,,,0
266,2026-07-08T19:06:23.500887+00:00,436,30.9,41.9,105,53,,,,,,,,-78,11.75,3.84,0,0,,,,0
267,2026-07-08T19:08:26.287705+00:00,447,30.9,41.4,102,52,,,,,,,,-78,12.25,3.924,1.6,6.3,,,,0
268,2026-07-08T19:10:29.078244+00:00,433,30.8,39,99,50,,,,,,,,-78,12,3.84,0.1,0.4,,,,0
269,2026-07-08T19:12:31.766642+00:00,421,30.7,41.4,96,49,,,,,,,,-79,12.25,3.948,1.6,6.3,,,,0
270,2026-07-08T19:14:34.471124+00:00,440,30.7,40.8,94,48,,,,,,,,-78,12.5,3.924,0,0,,,,0
271,2026-07-08T19:16:37.176788+00:00,454,30.7,41.6,92,47,,,,,,,,-78,12.75,3.952,1.6,6.3,,,,0
272,2026-07-08T19:18:39.889503+00:00,513,30.6,42.1,89,46,,,,,,,,-76,12.75,3.84,0,0,,,,0
273,2026-07-08T19:20:42.574131+00:00,394,30.6,40.2,86,44,,,,,,,,-87,12,3.916,0.9,3.5,,,,0
274,2026-07-08T19:22:45.340128+00:00,430,30.5,42.5,83,43,,,,,,,,-86,12.75,3.952,0.8,3.2,,,,0
275,2026-07-08T19:24:48.145104+00:00,454,30.6,42.5,81,42,,,,,,,,-81,12.5,3.948,1.5,5.9,,,,0
276,2026-07-08T19:26:50.841271+00:00,383,30.4,38.7,78,41,,,,,,,,-88,12.5,3.904,1.2,4.7,,,,0
277,2026-07-08T19:28:53.510775+00:00,431,30.5,42.9,75,39,,,,,,,,-79,12.25,3.948,0.8,3.2,,,,0
278,2026-07-08T19:30:56.257065+00:00,435,30.4,42.9,72,38,,,,,,,,-78,13.5,3.948,0,0,,,,0
279,2026-07-08T19:32:58.964373+00:00,426,30.4,42.7,69,36,,,,,,,,-81,12.5,3.944,0,0,,,,0
280,2026-07-08T19:35:01.717723+00:00,431,30.4,43.4,66,35,,,,,,,,-84,12.5,3.944,0.1,0.4,,,,0
281,2026-07-08T19:37:04.436444+00:00,448,30.2,42.8,64,34,,,,,,,,-78,12,3.944,0,0,,,,0
282,2026-07-08T19:39:07.162107+00:00,436,30,41.8,60,31,,,,,,,,-88,12.75,3.944,0.5,2,,,,0
283,2026-07-08T19:41:09.923185+00:00,460,30,43.6,58,31,,,,,,,,-78,12.75,3.944,0.1,0.4,,,,0
284,2026-07-08T19:43:12.690554+00:00,484,29.8,44,55,29,,,,,,,,-77,13.25,3.936,0.3,1.2,,,,0
285,2026-07-08T19:45:15.493970+00:00,462,29.3,40.9,52,29,,,,,,,,-78,12.5,3.936,173.2,681.7,,,,1
286,2026-07-08T19:47:18.260507+00:00,474,28.9,40.8,49,28,,,,,,,,-79,13.5,3.936,0,0,,,,0
287,2026-07-08T19:49:21.085729+00:00,460,28.6,42.9,46,26,,,,,,,,-80,12.75,3.936,174.1,685.3,,,,1
288,2026-07-08T19:51:23.850978+00:00,434,28.4,43.6,43,25,,,,,,,,-80,13.75,3.912,0.1,0.4,,,,0
289,2026-07-08T19:53:26.689027+00:00,448,28.3,44,40,23,,,,,,,,-79,13.25,3.936,0,0,,,,0
290,2026-07-08T19:55:29.423932+00:00,444,28.2,43.4,38,22,,,,,,,,-74,13,3.94,0.4,1.6,,,,0
291,2026-07-08T19:57:32.188594+00:00,436,28.4,44.5,36,20,,,,,,,,-76,13.25,3.904,0.4,1.6,,,,0
292,2026-07-08T19:59:35.033627+00:00,444,28.3,43.3,33,19,,,,,,,,-77,11.75,3.94,0,0,,,,0
293,2026-07-08T20:01:37.794651+00:00,444,28.2,44.1,30,18,,,,,,,,-77,13.75,3.936,0,0,,,,0
294,2026-07-08T20:03:40.530119+00:00,445,28,42.8,27,16,,,,,,,,-79,12.75,3.912,0,0,,,,0
295,2026-07-08T20:05:43.260359+00:00,450,28,45.1,25,15,,,,,,,,-78,13,3.94,0,0,,,,0
296,2026-07-08T20:07:46.008657+00:00,429,28,47.4,22,13,,,,,,,,-79,12.75,3.936,173.6,683.3,,,,1
297,2026-07-08T20:09:48.829109+00:00,404,28.3,47.2,20,12,,,,,,,,-83,12.5,3.936,0,0,,,,0
